Pos/x,Pos/y,Pos/z,Node/id
35.18753053591606,32.10378225882353,0.0,0
35.18958953510896,32.10785303529412,0.0,1
35.19341035835351,32.10610841680672,0.0,2
35.197528356739305,32.1053088,0.0,3
35.2016888087167,32.10601755126051,0.0,4
35.20582803389831,32.10625380168067,0.0,5
35.20792948668281,32.10470908739496,0.0,6
35.20746249717514,32.10254648739496,0.0,7
35.20319591121872,32.1031462,0.0,8
35.19597880064568,32.10154696638656,0.0,9
35.18910131880549,32.103618700840336,0.0,10
